id,tweet,date,source,likes,retweets
1621112599839645696,LIVE: Astronauts @AstroDuke and @Astro_Wakata suit up for a @Space_Station spacewalk expected to last up to seven h‚Ä¶ https://t.co/3RAetuGZSd,2023-02-02 11:45:37+00:00,Twitter Media Studio,1148,270
1620941951846715392,"@N4BFR Sure, whatever floats your capsule. See you there! ‚ú®",2023-02-02 00:27:31+00:00,Twitter for iPhone,10,2
1620941704131121152,@wizbee1 https://t.co/XDf1eay0fl,2023-02-02 00:26:32+00:00,Twitter for iPhone,11,0
1620928482267242496,"üî≠ Know what‚Äôs happening in the February sky (aside from that #comet)!

Here's how to spot the Auriga constellation,‚Ä¶ https://t.co/f9snGJLH8j",2023-02-01 23:34:00+00:00,Twitter Media Studio,3105,560
1620912375267467264,Get the coffee pot ready. We'll livestream the spacewalk right here starting at 6:45am ET (1145 UTC). https://t.co/CourL8033W,2023-02-01 22:30:00+00:00,Twitter Web App,1037,134
1620899169643765766,@StridleWarwitch Agreed. ‚ù§Ô∏è,2023-02-01 21:37:31+00:00,Twitter Web App,17,0
1620888687234977792,"A #comet that hasn't been in our cosmic neighborhood in 50,000 years is making its closest approach to Earth on Feb‚Ä¶ https://t.co/nUtplH9REh",2023-02-01 20:55:52+00:00,Sprinklr,3133,598
1620846673030152200,"All #BlackHistoryMonth, we celebrate the rich contributions of Black Americans past and present who further our NAS‚Ä¶ https://t.co/tnxjAfNwUL",2023-02-01 18:08:55+00:00,Twitter Media Studio,1418,252
1620798782983262208,"RT @NASAhistory: #NASARemembers: 20 years ago #OTD, Feb 1, 2003, at 8:59am ET, space shuttle Columbia broke up on reentry. The entire crew‚Ä¶",2023-02-01 14:58:37+00:00,Twitter for iPhone,0,1472
1620605827618078720,RT @nasahqphoto: .@VP Harris awarded former NASA astronauts @Astro_Doug and @AstroBehnken the Congressional Space Medal of Honor during a c‚Ä¶,2023-02-01 02:11:53+00:00,Twitter for iPhone,0,184
1620589666960539649,"RT @SenBillNelson: .@VP Harris awarded @Astro_Doug &amp; @AstroBehnken the Congressional Space Medal of Honor! 
 
Doug &amp; Bob dared to explore t‚Ä¶",2023-02-01 01:07:40+00:00,Twitter Web App,0,123
1620577039504883713,"‚ÄúBob and Doug represent the best of our nation.‚Äù ‚Äî@VP Kamala Harris

Congratulations to former @NASA_Astronauts Bob‚Ä¶ https://t.co/fshccfS0kT",2023-02-01 00:17:29+00:00,Twitter Media Studio,3337,498
1620536018654076929,LIVE: @VP awards former astronauts Bob Behnken and Doug Hurley the Congressional Space Medal of Honor for bravery i‚Ä¶ https://t.co/UHVmgPEqz4,2023-01-31 21:34:29+00:00,Twitter Web App,1451,180
1620530636049231873,@LoneResolve That is wonderful! We‚Äôre glad to have helped out with your research. I guess we can add ‚Äúhelped provid‚Ä¶ https://t.co/vJm5uL4y8E,2023-01-31 21:13:06+00:00,Twitter Web App,13,1
1620517469604532224,"Meatless proteins, less airport waiting time, faster wound healing: The benefits of space exploration can be found‚Ä¶ https://t.co/J6v81K5Lsz",2023-01-31 20:20:47+00:00,Sprinklr,3754,464
1620514923335024641,@UndyingJeremy Excellent question. Food processing techniques and packaging solutions vary based on the item's peri‚Ä¶ https://t.co/rcBBz37F1y,2023-01-31 20:10:40+00:00,Twitter Web App,9,4
1620455068851134471,@HirtOleh We agree!üòÉ Did you know that you can follow the @Space_Station's location in real time‚Äîand get alerts on‚Ä¶ https://t.co/RtTUlXUtQz,2023-01-31 16:12:49+00:00,Twitter Web App,3,1
1620453519735283713,@PaulJam05670441 Coverage for Thursday's spacewalk will begin at 6:45am ET (1145 UTC); the spacewalk itself is sche‚Ä¶ https://t.co/jXUbfuAze2,2023-01-31 16:06:40+00:00,Twitter Web App,11,2
1620445052190203904,"Join us for a spacewalk this Thursday!

NASA's @AstroDuke and @JAXA_en's @Astro_Wakata are heading outside on Feb.‚Ä¶ https://t.co/YE3gnkBITW",2023-01-31 15:33:01+00:00,Sprinklr,4242,439
1620202199019130880,"Do you #MealPrep? What'd be on the menu if you were going to space? 

We selected finalists in Phase 2 of our Deep‚Ä¶ https://t.co/Cxe8ZjPFwV",2023-01-30 23:28:00+00:00,Sprinklr,3427,261
1620190353604190210,"On Tuesday, Jan. 31, Demo-2 astronauts Douglas Hurley and Robert Behnken will receive the Congressional Space Medal‚Ä¶ https://t.co/Hs0T0IPYbR",2023-01-30 22:40:56+00:00,Sprinklr,9023,878
1620172363726999555,@lwzc7799 Great question! Our Milky Way galaxy will likely collide with the neighboring Andromeda galaxy four billi‚Ä¶ https://t.co/pxF44x7uqV,2023-01-30 21:29:27+00:00,Twitter Web App,76,12
1620172116908998659,@quar1us hard same,2023-01-30 21:28:28+00:00,Twitter Web App,29,3
1620158867958108161,You‚Äôre looking at what may be hundreds or even thousands of galaxies colliding! @ChandraXRay pictured this massive‚Ä¶ https://t.co/xr7jLLHe1w,2023-01-30 20:35:49+00:00,Sprinklr,11824,1604
1620134198492401665,@TonyRoma1992 @ExploreCosmos_ @esa Great question! A Sample Return Lander would land near or in Jezero Crater and l‚Ä¶ https://t.co/4n9GFHnQJi,2023-01-30 18:57:48+00:00,Twitter Web App,8,3
1620116242953822208,"RT @NASAJPL: Someone understood the assignment. ü§ì

It's official: @NASAPersevere has dropped the final tube for the #MarsSampleReturn depot‚Ä¶",2023-01-30 17:46:27+00:00,Twitter Web App,0,466
1620098547835367427,"@librarycongress @adalimon @EuropaClipper The poem set to fly in space aboard @EuropaClipper, and how you can parti‚Ä¶ https://t.co/th9naithU5",2023-01-30 16:36:08+00:00,Twitter Web App,1123,127
1620096711875088384,"A collaboration written in the stars. ‚ú®

We‚Äôve teamed up with @LibraryCongress‚Äôs Poet Laureate @AdaLimon to send a‚Ä¶ https://t.co/N9SDO9fdoZ",2023-01-30 16:28:50+00:00,Sprinklr,3168,397
1619779987204149249,"We're sending a new crew to the @Space_Station!NASA's @SpaceX #Crew6 mission is scheduled to launch from‚Ä¶ https://t.co/yk6jfh6VZW",2023-01-29 19:30:17+00:00,Sprinklr,10624,1210
1619374684826664960,@eternallife2112 Good idea to take care of it before it gets even more‚Ä¶nebulous. üå´Ô∏è,2023-01-28 16:39:46+00:00,Twitter for iPhone,35,3
1619372583639556096,ü¶â Duo bingo: @NASAHubble captured a bright variable star and its smaller companion star in the upper left of this c‚Ä¶ https://t.co/aB29Jku3XI,2023-01-28 16:31:25+00:00,Sprinklr,17125,1978
1619101409722384392,"This Week at NASA: Remembering our fallen heroes, announcing new engine propulsion technology, and meeting #Crew6,‚Ä¶ https://t.co/CmzAUpD0lZ",2023-01-27 22:33:52+00:00,Sprinklr,2505,296
1619088639774048259,"@ZakiAhmed211 They sure do! In fact, from 2015-2017 a specially designed espresso machine, called ISSpresso, was us‚Ä¶ https://t.co/KQ38FsnLMX",2023-01-27 21:43:07+00:00,Twitter Web App,4,2
1619085183554318336,@AxorityOfficial Great question! We recently announced a project to design and test a new generation of sustainable‚Ä¶ https://t.co/EqJiEI2VS9,2023-01-27 21:29:23+00:00,Twitter Web App,7,2
1619081136071901184,"@Sbowfield1 Time aboard the @Space_Station is the same as on Earth, but we use UTC, or Universal Coordinated Time.‚Ä¶ https://t.co/E2mIKtpzL6",2023-01-27 21:13:18+00:00,Twitter Web App,2,2
1619050698900967433,We‚Äôre testing software developed by @NASAAero to help cut your tarmac wait times and make U.S. aviation carbon neut‚Ä¶ https://t.co/ujzAwANZOv,2023-01-27 19:12:21+00:00,Sprinklr,2421,275
1619029477543002114,"Last day to apply for the opportunity to watch #Crew6 astronauts launch from @NASAKennedy! Whether you have 5,000 o‚Ä¶ https://t.co/lhhLTCAcpu",2023-01-27 17:48:02+00:00,Sprinklr,4047,394
1618815473445109761,"@mattyjjjames @SenBillNelson The right mitigation strategy for deflecting an asteroid would depend on its size, mas‚Ä¶ https://t.co/WfZATZOfk2",2023-01-27 03:37:39+00:00,Twitter Web App,6,3
1618815110545563650,"@BugManInKntucky @SenBillNelson This small asteroid, estimated to be 11.5 to 28 feet (3.5 to 8.5m) across, has no r‚Ä¶ https://t.co/S7CzeE9JMs",2023-01-27 03:36:13+00:00,Twitter Web App,8,2
1618814214696742912,@DrSSWelsh @SenBillNelson That‚Äôs right. Asteroid 2023 BU was discovered by amateur astronomer Gennadiy Borisov on S‚Ä¶ https://t.co/AtitJJfyHI,2023-01-27 03:32:39+00:00,Twitter Web App,12,5
1618755592830750721,"RT @nasahqphoto: On our Day of Remembrance, we pause to honor all who have perished in the pursuit of space exploration. NASA Admin @SenBil‚Ä¶",2023-01-26 23:39:43+00:00,Twitter Web App,0,191
1618720191072059392,"@TonyrMurphy1979 @Space_Station @NASA_Johnson #Crew6 will perform dozens of experiments aboard the @Space_Station,‚Ä¶ https://t.co/JSJA1Z21UI",2023-01-26 21:19:02+00:00,Twitter Web App,5,1
1618718521168646145,"RT @SenBillNelson: At @NASA we have dedicated teams who watch the skies to make sure we are safe from hazardous asteroids. 

Today's astero‚Ä¶",2023-01-26 21:12:24+00:00,Twitter Web App,0,228
1618674074456293376,RT @VP: Today marks @NASA‚Äôs annual Day of Remembrance‚Äîa time to reflect on the legacy of those we‚Äôve lost in our pursuit of discovery and e‚Ä¶,2023-01-26 18:15:47+00:00,Twitter for iPhone,0,531
1618625154216779776,"RT @NASAKennedy: LIVE NOW: #NASARemembers the crews of Apollo 1 and space shuttles Challenger and Columbia, as well as other astronauts who‚Ä¶",2023-01-26 15:01:24+00:00,Twitter Web App,0,297
1618614118453321728,"We work to never repeat mistakes from our past. On our Day of Remembrance, we honor all of our fallen heroes, inclu‚Ä¶ https://t.co/kSNhXdF7PJ",2023-01-26 14:17:32+00:00,Sprinklr,7041,1710
1618378822004641793,"@DaffodilGirl993 Hi Cristy, we have resources to explore the cosmos in a tactile manner, from Hubble images:‚Ä¶ https://t.co/W0NxkB3omC",2023-01-25 22:42:33+00:00,Twitter Web App,6,2
1618369983804833792,"Greenhouse gas emissions decreased a little during the first year of the COVID pandemic, but was it enough to make‚Ä¶ https://t.co/EltgHvxxA6",2023-01-25 22:07:26+00:00,Twitter Media Studio,1446,211
1618347631318822912,"RT @NASAWebb: Peek-a-boo ü´£

This is Webb's 1st look at a stellar occultation (when a foreground object passes in front of a star from our v‚Ä¶",2023-01-25 20:38:37+00:00,Twitter Web App,0,1035
1618323582077001753,LIVE NOW: Astronauts aboard our next mission to the @Space_Station are taking questions from the media and the publ‚Ä¶ https://t.co/00LUtGKyZn,2023-01-25 19:03:03+00:00,Twitter Media Studio,2795,419
1618296524743507969,"LIVE NOW: We're talking about #Crew6, our next crewed mission to the @Space_Station, lifting off from @NASAKennedy‚Ä¶ https://t.co/Q32Hg3NjV1",2023-01-25 17:15:32+00:00,Twitter Media Studio,2348,324
1618051317309804544,"RT @NASA_Wallops: Virginia is for Launch Lovers! üöÄ @RocketLab's first Electron launch from the U.S. took flight from Wallops Tuesday, Jan.‚Ä¶",2023-01-25 01:01:10+00:00,Twitter Web App,0,250
1618010767651123203,@alexattack88 Personal locator beacons are available from outdoor supply stores. They allow the user to send an SOS‚Ä¶ https://t.co/ruDTVze6s2,2023-01-24 22:20:02+00:00,Twitter Web App,7,2
1618006483769393152,RT @NASA_Wallops: Tonight's launch window for Rocket Lab's first Electron launch from Wallops opens at 6 p.m. EST. Weather continues to be‚Ä¶,2023-01-24 22:03:01+00:00,Twitter Web App,0,245
1617975745888022529,"Our speakers:
@NASAUniverse: Liz Landau, host and science communicator
@NASAWebb: Lee Feinberg, Webb telescope and‚Ä¶ https://t.co/r7I4WTFHJW",2023-01-24 20:00:53+00:00,Twitter Web App,505,70
1617975448641892352,"LIVE NOW: #OTD one year ago, the @NASAWebb telescope made it to its home 1 million miles away. How has it revolutio‚Ä¶ https://t.co/0DOsAoxO4R",2023-01-24 19:59:42+00:00,Twitter Web App,1552,218
1617975383160401922,https://t.co/hnuNnNeRRp,2023-01-24 19:59:26+00:00,Twitter for iPhone,2576,315
1617963151839952898,"In 2022, NASA-developed Search and Rescue technologies assisted with the rescue of 397 lives in the U.S. region.

I‚Ä¶ https://t.co/L4j3yrWl7U",2023-01-24 19:10:50+00:00,Sprinklr,3019,350
1617938469975621652,"NOW: NASA leaders talk about lessons learned from our darkest days, how we can work together to build a strong safe‚Ä¶ https://t.co/epCoXgCIDc",2023-01-24 17:32:45+00:00,Twitter Media Studio,2196,294
1617906246199218177,We‚Äôre partnering with @DARPA to demonstrate a nuclear thermal rocket engine in space. This new engine would allow u‚Ä¶ https://t.co/vcw5rgy4nP,2023-01-24 15:24:42+00:00,Sprinklr,8190,1490
1617900590301954049,"Live from the #AIAASciTech Forum, @SenBillNelson and @Astro_Pam join @DARPA Director Stefanie Tompkins to launch a‚Ä¶ https://t.co/LpbjMT462u",2023-01-24 15:02:14+00:00,Twitter Media Studio,1802,250
1617673149331681280,It's been nearly a year since @NASAWebb arrived at its destination 1 million miles away. It completed the most comp‚Ä¶ https://t.co/dbbCULWDEg,2023-01-23 23:58:28+00:00,Twitter for iPhone,25340,2989
1617660189519544322,"@Andy_Esq You'd be surprised! Our NASA Socials usually run several days, so participants have time to share what th‚Ä¶ https://t.co/LDNlmZd8b2",2023-01-23 23:06:58+00:00,Twitter Web App,13,3
1617611397059252236,Our #Crew6 mission is scheduled to blast off to the @Space_Station next month. Want to go behind-the-scenes for the‚Ä¶ https://t.co/xorjpsxct3,2023-01-23 19:53:05+00:00,Sprinklr,5152,585
1616942597703958529,Need space? Subscribe to our newsletter for weekly updates on our missions and latest discoveries happening on Eart‚Ä¶ https://t.co/To66flOS7G,2023-01-21 23:35:31+00:00,Sprinklr,7144,967
1616579545221455873,"Astronauts prepared the @Space_Station for new solar arrays, @NASASun found new clues to help predict solar flares,‚Ä¶ https://t.co/2hIAGWxB2p",2023-01-20 23:32:52+00:00,Sprinklr,3688,516
1616567523423490048,"This year, our Day of Remembrance falls on Thursday, Jan. 26. We'll pause to honor those who have lost their lives‚Ä¶ https://t.co/MZWpfEbjTM",2023-01-20 22:45:06+00:00,Sprinklr,4985,537
1616553153918390299,"Did you check off all your to-dos? There's always the next spacewalk.

 @AstroDuke and @Astro_Wakata are safely bac‚Ä¶ https://t.co/JHwhDcg8cQ",2023-01-20 21:48:00+00:00,Sprinklr,3857,310
1616514430690332703,"@BethBarany Thanks for watching! Click to see the location of the @Space_Station as latitude, longitude and altitud‚Ä¶ https://t.co/m4rxShdzov",2023-01-20 19:14:08+00:00,Twitter Web App,4,4
1616455550065065984,RT @Space_Station: A view of a sunrise over the South Pacific ocean is seen outside the space station as spacewalkers Mann and Wakata begin‚Ä¶,2023-01-20 15:20:10+00:00,Twitter Web App,0,1134
1616441531585396736,@BenCowherd @NASA_Astronauts @JAXA_en @Space_Station The air is vented into space. There is plenty of air on board the @Space_Station. üßë‚ÄçüöÄ,2023-01-20 14:24:27+00:00,Twitter Web App,18,5
1616429356724674560,Spacewalk update: @NASA_Astronauts Nicole Mann and @JAXA_en Koichi Wakata set their spacesuits to battery power at‚Ä¶ https://t.co/oI8b3IEfJT,2023-01-20 13:36:05+00:00,Twitter Media Studio - LiveCut,5424,776
1616405639609155585,LIVE NOW: Watch @NASA_Astronauts Nicole Mann and @JAXA_en astronaut Koichi Wakata as they step outside the‚Ä¶ https://t.co/paU7aevytE,2023-01-20 12:01:50+00:00,Twitter Media Studio,4570,809
1616271594573434881,"Ever wondered how space missions are created? 

We're LIVE NOW with a @NASAJPL robotics engineer who'll explain how‚Ä¶ https://t.co/CWTG3vPLjn",2023-01-20 03:09:11+00:00,Twitter Web App,1630,171
1616237601245233152,"RT @NASAAmes: Today, @POTUS was greeted by NASA and California state leaders at Moffett Federal Airfield on his way to visit storm-damaged‚Ä¶",2023-01-20 00:54:07+00:00,Twitter Web App,0,150
1616200356748267521,"Would you go on a spacewalk? 

Astronauts @AstroDuke and @Astro_Wakata would, and they're doing their first one on‚Ä¶ https://t.co/I1te10pKU0",2023-01-19 22:26:07+00:00,Sprinklr,4444,500
1616199736771346432,"@max103669 Although @NASA_Astronauts don‚Äôt wear what we would consider jackets in a traditional sense, they do have‚Ä¶ https://t.co/7PiGnPbXka",2023-01-19 22:23:39+00:00,Twitter Web App,82,18
1616192240421928960,@Redeyes02789579 Those are some great points! Our Advanced Air Mobility (AAM) project is currently researching thos‚Ä¶ https://t.co/ErDdP6H7gu,2023-01-19 21:53:52+00:00,Twitter Web App,21,4
1616142714512228352,"#Crew6, our next mission to the @Space_Station, is now scheduled to lift off from @NASAKennedy no earlier than Sund‚Ä¶ https://t.co/xSVZmWIdD1",2023-01-19 18:37:04+00:00,Sprinklr,7330,758
1616128861305028643,"The #Artemis I mission has laid the groundwork for future astronauts to live and work on the Moon. 

Watch live tod‚Ä¶ https://t.co/gQsQ90XZPY",2023-01-19 17:42:01+00:00,Sprinklr,6230,656
1615836032938770432,@traveljunkie21 We certainly do! Sign up here to be alerted via text or email when there‚Äôs a good viewing opportuni‚Ä¶ https://t.co/geGV1ZkHYf,2023-01-18 22:18:25+00:00,Sprinklr,47,11
1615833994402177039,"@steveg3215 @NASAArtemis @NASA_Orion @NASA_Johnson Helga and Zohar are currently at @NASAKennedy, after recently ha‚Ä¶ https://t.co/VQ39Atr5Mf",2023-01-18 22:10:19+00:00,Twitter Web App,11,5
1615792979247042566,"Is there weather on the Moon? Yes, but not the weather you‚Äôre used to. ""Space weather"" like solar wind can have a b‚Ä¶ https://t.co/4s98IjdaJX",2023-01-18 19:27:20+00:00,Twitter Media Studio,2286,331
1615753226342498305,We‚Äôre partnering with @Boeing to develop technologies for the next generation of single-aisle aircraft. We'll colla‚Ä¶ https://t.co/FjS3odEaLr,2023-01-18 16:49:23+00:00,Sprinklr,12071,1250
1615725412805484545,"Live: We‚Äôre announcing the next steps for our Sustainable Flight Demonstration project, which will create a large-s‚Ä¶ https://t.co/it1XIwcMuv",2023-01-18 14:58:51+00:00,Twitter Media Studio,2569,346
1615423856021278744,"LIVE: Preview the Jan. 20 spacewalk, where astronauts Nicole Mann and Wakata Koichi will install hardware for futur‚Ä¶ https://t.co/ZRwTfmfSgP",2023-01-17 19:00:35+00:00,Twitter Media Studio,3124,466
1615408554701213697,"Watch live as teams work on @EuropaClipper, set to launch Oct. 2024 to see if Jupiter's icy moon Europa has the rig‚Ä¶ https://t.co/XPZ2RA3EVK",2023-01-17 17:59:46+00:00,Sprinklr,1372,172
1615140779688697856,"RT @SenBillNelson: Dr. Martin Luther King, Jr. inspired millions to answer the righteous call for racial equality and a world where every p‚Ä¶",2023-01-17 00:15:44+00:00,Twitter for iPhone,0,143
1615011660472672261,"""Darkness cannot drive out darkness; only light can do that.‚Äù - Martin Luther King Jr. #MLKDay https://t.co/haacXXHxC4",2023-01-16 15:42:39+00:00,Twitter Web App,11304,2629
1614657494860681216,"Curious about the next spacewalk? Join us Jan. 17 at 2pm ET (1900 UTC) for a news conference, where we‚Äôll preview t‚Ä¶ https://t.co/FH1b909tvO",2023-01-15 16:15:20+00:00,Sprinklr,7030,844
1614383131620159488,RT @NASA_Johnson: @NASA night at the Dallas Stars game! Frank Lin from @NASA_Orion dropped the ceremonial puck. The puck flew to the @Space‚Ä¶,2023-01-14 22:05:07+00:00,Twitter Web App,0,144
1614335153899200516,Why do we have rovers on Mars? What happens when they drill on the Red Planet? Get the dirt in this episode of the‚Ä¶ https://t.co/4ozxL5BGTK,2023-01-14 18:54:28+00:00,Sprinklr,8714,867
1614304074572222464,"News from around NASA this week:

We continue our pledge of peaceful collaboration in space with Japan,‚Ä¶ https://t.co/gFa4BpGFNy",2023-01-14 16:50:58+00:00,Sprinklr,3218,348
1614039251913408513,"Representatives from the U.S. and Japan, @SecBlinken and Minister for Foreign Affairs Hayashi Yoshimasa, signed a s‚Ä¶ https://t.co/bBJovRjhL8",2023-01-13 23:18:39+00:00,Twitter Web App,6989,923
1614029019476889600,@Brosner85 @NASAHubble Hungry for more? Slurp up facts about spaghettification! https://t.co/ooRSK2HjHE,2023-01-13 22:38:00+00:00,Twitter Web App,13,4
1614014416013651968,LIVE: U.S. and Japanese leaders are meeting at NASA Headquarters in Washington to mark the two nations' continued c‚Ä¶ https://t.co/lB92AylZNh,2023-01-13 21:39:58+00:00,Twitter Media Studio,3287,486
1613967540497022998,"@IronFeep This event happened about 300 million light-years away at the bright core of another galaxy, so it's hard‚Ä¶ https://t.co/USLOLsAfsS",2023-01-13 18:33:42+00:00,Twitter Web App,97,7
1613948323777450001,Astronomers using @NASAHubble have recorded a star‚Äôs final moments as it gets gobbled up by a black hole. Stellar s‚Ä¶ https://t.co/K0F5sR6tuy,2023-01-13 17:17:20+00:00,Sprinklr,16167,2549
1613688228397080576,"We're announcing the next steps for our Sustainable Flight Demonstrator project, which aims to develop technology a‚Ä¶ https://t.co/0qD0yTTpOf",2023-01-13 00:03:49+00:00,Sprinklr,3241,307
1613658973294534664,@RogueM2020 @NASAGroundSys We‚Äôre letting Snoopy get his Earth-legs back and will keep you updated on future flights‚Ä¶ https://t.co/s34mhBRppv,2023-01-12 22:07:34+00:00,Twitter Web App,11,6
1613647259580919808,2023 is the year of #OpenScience! NASA and other federal agencies are advancing opportunities to broaden scientific‚Ä¶ https://t.co/nhW1vXdxJ5,2023-01-12 21:21:01+00:00,Sprinklr,3367,395
1613624090673414144,"@insider_market3 While floods happen naturally, sea level rise causes them to gradually begin topping natural barri‚Ä¶ https://t.co/hBSgeKoO2C",2023-01-12 19:48:57+00:00,Twitter Web App,12,5
1613569449457586177,"RT @NASAGISS: 2022 effectively tied for the 5th warmest year on @NASA‚Äôs record, continuing a trend of warming temperatures. The last nine y‚Ä¶",2023-01-12 16:11:50+00:00,Twitter for iPhone,0,557
1613566997186646016,LIVE: NASA and @NOAA leaders discuss our 2022 joint assessments of Earth's global temperatures and climate trends. https://t.co/TjyBkSmxgP,2023-01-12 16:02:05+00:00,Twitter Web App,1129,138
1613538036129701889,@plutz_net The global mean sea level is rising by about 3.4 millimeters a year. New results show average sea level‚Ä¶ https://t.co/rsV7bxlN2h,2023-01-12 14:07:00+00:00,Twitter Web App,9,3
1613309638736314369,"We'll welcome Japanese Prime Minister Kishida Fumio &amp; @SecBlinken Friday, Jan. 13 at 4:30pm ET (2130 UTC) for an ev‚Ä¶ https://t.co/0YGbKTdll9",2023-01-11 22:59:26+00:00,Sprinklr,2810,292
1613292854381785089,@qncydg @NASAGroundSys Great question! Four @LEGO_Education minifigures flew aboard the @NASA_Orion spacecraft insi‚Ä¶ https://t.co/svn9TN9YSl,2023-01-11 21:52:44+00:00,Twitter Web App,78,10
1613291583818072065,"Why is sea level rising?

Global sea levels are rising as a result of human-caused global warming, with recent rate‚Ä¶ https://t.co/gIKEOE92pZ",2023-01-11 21:47:41+00:00,Twitter Media Studio,3850,648
1613257429755510789,"Snoopy has gone where no beagle has gone before.

Following the successful conclusion of the #Artemis I Moon missio‚Ä¶ https://t.co/GIGQKRVJku",2023-01-11 19:31:58+00:00,Sprinklr,14505,2694
1613246524619907073,Another first for @NASAWebb! https://t.co/ToZhBt7eMG,2023-01-11 18:48:38+00:00,Twitter Web App,3050,357
1613243755334606848,"@SesameErnie We can go together, Ernie. ‚ú®",2023-01-11 18:37:38+00:00,Twitter Web App,382,11
1613236913737011202,@Dale_Morgan_ The scale in Fahrenheit ranges from a change of minus 4 to plus 4. More info is in the alt text of th‚Ä¶ https://t.co/NmFkXLXKZo,2023-01-11 18:10:27+00:00,Twitter Web App,20,5
1613222201683021831,"Together with @NOAA, we're releasing our annual assessments of global temperatures and highlighting the major clima‚Ä¶ https://t.co/W4Q4AvkRzv",2023-01-11 17:11:59+00:00,Sprinklr,4850,547
1613174043825393666,"LIVE: NASA and Roscosmos share results from the investigation of the Soyuz MS-22 external coolant leak, and provide‚Ä¶ https://t.co/zDNMraymB1",2023-01-11 14:00:38+00:00,Sprinklr,1551,193
1612943118076153859,Wondering what's out there? You can @DoNASAScience and become an exoplanet watcher‚Äîno telescope needed! With your h‚Ä¶ https://t.co/Mq6c3YZRQb,2023-01-10 22:43:01+00:00,Sprinklr,6737,812
1612937108645183488,"@MingwLee Good question. Teams consider all sorts of options for every mission, but have to make decisions based on‚Ä¶ https://t.co/SqHnz6PyD7",2023-01-10 22:19:08+00:00,Twitter Web App,13,4
1612916573307543570,NASA and Roscosmos will provide an update on Jan. 11 at 9am ET (1400 UTC) on the investigation of the Soyuz MS-22 e‚Ä¶ https://t.co/ZmayLsEKNY,2023-01-10 20:57:32+00:00,Sprinklr,6104,631
1612901851736702982,"What would you ask the team behind our @NASAInSight Mars lander?

We're answering your questions now in our @Reddit‚Ä¶ https://t.co/VGpbaDvCZa",2023-01-10 19:59:02+00:00,Sprinklr,4395,367
1612881192436506626,"Brief, but glorious. Scientists found the existence of a superheavy neutron star‚Äîthe collapsed core of a dead star‚Äî‚Ä¶ https://t.co/UwNpHreEOX",2023-01-10 18:36:56+00:00,Sprinklr,7537,1031
1612577720021704705,Dragon has undocked from the @Space_Station and is on its way home! Splashdown is scheduled for 5:19am ET (1019 UTC‚Ä¶ https://t.co/nVHbKEXqzn,2023-01-09 22:31:03+00:00,Twitter Web App,1763,201
1612566351062892544,"LIVE: @SpaceX's Dragon cargo craft is bringing tons of @ISS_Research, including a space radiation vest and orbiting‚Ä¶ https://t.co/DzjRFUyGas",2023-01-09 21:45:52+00:00,Twitter Media Studio,4472,613
1612555656325890048,"Speedy travel to other worlds, oxygen pipelines on the Moon, growing bricks on Mars‚Äîresearchers will explore these‚Ä¶ https://t.co/JZUBJ654tj",2023-01-09 21:03:22+00:00,Twitter Media Studio,3643,384
1612528668827607040,"@frankline_kihiu That's correct! For this particular globular cluster, at least, the light we're seeing here is 50,000 years old.",2023-01-09 19:16:08+00:00,Twitter Web App,12,2
1612510265441935370,"For four years, @NASAInSight studied Mars' interior, marsquakes, and Martian weather.
 
Join our @Reddit Ask Me Any‚Ä¶ https://t.co/Dbj7Q530NY",2023-01-09 18:03:00+00:00,Sprinklr,24578,1577
1612211488768270343,"RT @DoNASAScience: 25 years ago this weekend, the discovery of #DarkEnergy was first announced! Now, you can become a Dark Energy Explorer‚Ä¶",2023-01-08 22:15:47+00:00,Twitter for iPhone,0,245
1611769541775826946,"Peering inward toward the center of our Milky Way galaxy, a globular cluster shines bright, 50,000 light-years from‚Ä¶ https://t.co/ibs6A4viQ0",2023-01-07 16:59:38+00:00,Sprinklr,25648,2522
1611514431523151872,"RT @NASAPersevere: Five down, five to go, as I lay down my backup set of 10 samples. 

In this tube: a core sample from a rock that formed‚Ä¶",2023-01-07 00:05:55+00:00,Twitter for iPhone,0,764
1611500340758695937,"Recently at NASA:

@NASA_Orion arrived at @NASA_Kennedy, @NASAPersevere made a cache deposit of Martian samples, an‚Ä¶ https://t.co/7rmh8nK9BB",2023-01-06 23:09:56+00:00,Sprinklr,3677,364
1611484869850288142,Join us Jan. 9 as @SpaceX‚Äôs #CRS26 undocks from the @Space_Station. Coverage starts at 4:45pm ET (2145 UTC) here an‚Ä¶ https://t.co/np58GCBStx,2023-01-06 22:08:27+00:00,Sprinklr,8371,719
1611446754519531521,@dleagleeye21 @NASASun Scientists predict the Sun is a little less than halfway through its lifetime and will last‚Ä¶ https://t.co/HHeKSDsDJ6,2023-01-06 19:37:00+00:00,Twitter Web App,14,7
1611446376323227663,"Make your own Moon phases calendar, and always know when the next full Moon will be. https://t.co/O4qAHij1bm",2023-01-06 19:35:29+00:00,Sprinklr,1122,123
1611446373525626936,"We‚Äôre howling for the first full moon of 2023. üê∫

The first full moon of the year is known by many names, such as t‚Ä¶ https://t.co/qZipF4QXFo",2023-01-06 19:35:29+00:00,Sprinklr,12137,1468
1611424735006539778,"Commander Moonikin Campos has had quite a journey: launching from @NASAKennedy, flying around the Moon aboard‚Ä¶ https://t.co/NsLh7hyyV1",2023-01-06 18:09:30+00:00,Sprinklr,2840,302
1611135253372096517,"RT @NASASCaN: NASA's TDRS-9 satellite has reached its end of mission, surpassing its planned 15-year mission life. The TDRS fleet provides‚Ä¶",2023-01-05 22:59:12+00:00,Twitter Web App,0,307
1611120314926223361,@SpetsnazL @NASASun We got you. üåû,2023-01-05 21:59:50+00:00,Twitter Web App,29,6
1611112993919492101,"Mellow out with lo-fi sounds, and soak up some virtual rays. This video chronicles the Sun's activity from Aug. 12‚Ä¶ https://t.co/zLFyiUBn2R",2023-01-05 21:30:45+00:00,Sprinklr,5729,969
1610801704101990402,"RT @NASAPersevere: üî¥üî¥üî¥üî¥‚ö™‚ö™‚ö™‚ö™‚ö™‚ö™
Sample Depot: 40% complete!

Another successful tube drop adds to my growing collection here at the ‚ÄúThree Fo‚Ä¶",2023-01-05 00:53:48+00:00,Twitter for iPhone,0,1028
1610755460344303616,"Heads up! @NOAASatellites' GOES-18, launched in March 2022, is now #GOESWest. Miles above Earth, it‚Äôll observe the‚Ä¶ https://t.co/JaPZCnW9Br",2023-01-04 21:50:02+00:00,Sprinklr,15340,1293
1610718597520949255,"Why is Venus called Earth‚Äôs evil twin? They actually have a lot in common, but somewhere along the way Venus and Ea‚Ä¶ https://t.co/HgPBWfypMe",2023-01-04 19:23:34+00:00,Twitter Media Studio,4283,513
1610716223318429696,@Confide51233236 @nasahqphoto Just about! The building's U.S. flag is 209 feet long by 110 feet wide. Each star is‚Ä¶ https://t.co/vPsV27hf1p,2023-01-04 19:14:07+00:00,Twitter Web App,8,3
1610680655414988802,"@GlobeTrotterOk Yes! That's what the study in the photo above is exploring, in fact‚Äîlearn more about our Ring-Shear‚Ä¶ https://t.co/lVsLjaZaBL",2023-01-04 16:52:47+00:00,Twitter Web App,19,2
1610676829785915394,"Our space science can also benefit life on Earth, contributing to better understanding of diseases like Alzheimer's‚Ä¶ https://t.co/iozXVLBBGc",2023-01-04 16:37:35+00:00,Sprinklr,4923,464
1610400834566635520,"Today we mourn the passing of Walt Cunningham: U.S. Marine, patriot, and Apollo astronaut.

Cunningham spent 11 day‚Ä¶ https://t.co/729MjB6NUe",2023-01-03 22:20:53+00:00,Sprinklr,10414,1603
1610377615856091138,"@SharronBurke16 We're sending robotic spacecraft to the Moon, bringing a piece of a distant asteroid back to Earth,‚Ä¶ https://t.co/PPfzmPqiOT",2023-01-03 20:48:37+00:00,Twitter Web App,13,3
1609941290245824512,"All year long, our @NASAHQPhoto photographers capture historic launches, landings, and more. Here are their top 100‚Ä¶ https://t.co/C4vVXjFdP6",2023-01-02 15:54:49+00:00,Sprinklr,8455,958
1609663009714044931,Looking for ways to bring the excitement of space exploration into your classroom or to learners at home? Here are‚Ä¶ https://t.co/K4wKfZFjiC,2023-01-01 21:29:02+00:00,Sprinklr,5210,531
1609624371252928514,"You don‚Äôt look a day over 4.5 billion years. ‚òÄÔ∏è‚Å£
‚Å£
#HappyNewYear from the star of the show that makes all this poss‚Ä¶ https://t.co/pSTwEtCCht",2023-01-01 18:55:30+00:00,Sprinklr,48166,4809
1609595761192222721,RT @nasahqphoto: Take a look back at 100 images highlighting the work of the NASA Headquarters photo team in 2022! https://t.co/Fe0CdVMk4Z‚Ä¶,2023-01-01 17:01:48+00:00,Twitter Web App,0,313
1609246008159920129,"Ring in the new year! ü™ê

@NASAHubble took several photos of Saturn from 1996 to 2000, observing how its rings appea‚Ä¶ https://t.co/LjppcgC5Gt",2022-12-31 17:52:01+00:00,Sprinklr,23466,2032
1609224794787962882,"It's been a big year for NASA‚Äîand in 2023, we're returning our first asteroid sample to Earth, sending @NASAAero br‚Ä¶ https://t.co/14htUebDJ9",2022-12-31 16:27:43+00:00,Sprinklr,5181,755
1608917066521903106,"RT @NASAWebb: What do your favorite Webb images of 2022 say about you?

1. Pick your favorite out of each set in this thread.
2. Keep track‚Ä¶",2022-12-30 20:04:55+00:00,Twitter Web App,0,741
1608869423301160963,"@akashactt It's just one name for the first full moon of the month. In the Hindu calendar, for example, it's called‚Ä¶ https://t.co/OrygSxUWZ5",2022-12-30 16:55:36+00:00,Twitter Web App,35,11
1608851774403747840,"What‚Äôs Up in January? üî≠

Throughout the month, a new comet may be seen gliding across the sky towards the northwest‚Ä¶ https://t.co/hUDqPC3zQ7",2022-12-30 15:45:28+00:00,Twitter Media Studio,7590,1249
1608568953105940480,"We mark the passing of the legendary Pel√©, known to many as the king of the ""beautiful game."" This image of a spira‚Ä¶ https://t.co/XX1ervltWa",2022-12-29 21:01:38+00:00,Twitter Web App,121716,21883
1608497567356293120,"RT @NASAHubble: Happy (almost) New Year!

Before we ring in 2023, we need your help choosing our Twitter audience‚Äôs favorite Hubble image r‚Ä¶",2022-12-29 16:17:59+00:00,Twitter Web App,0,3851
1608497526218555392,@Hyacin8 Nice work! You really brought the @NASA_Orion spacecraft to life. Thank you so much for sharing!,2022-12-29 16:17:49+00:00,Twitter Web App,5,0
1608132428018720772,"Is there life on Mars? We haven't discovered life on Mars, but we have found lots of evidence that it could have su‚Ä¶ https://t.co/2quZmgdD2t",2022-12-28 16:07:03+00:00,Twitter Media Studio,5595,745
1607821025420492801,"Roll for initiative!

This year, we partnered with industry, academia, and other government agencies in a series of‚Ä¶ https://t.co/qpRLA86mZU",2022-12-27 19:29:38+00:00,Sprinklr,8970,727
1607517768806539266,"Still need a getaway? Over 5,000 planets have been discovered beyond our solar system.

Stop by our @NASAExoplanets‚Ä¶ https://t.co/NiS53H0ARg",2022-12-26 23:24:36+00:00,Sprinklr,5690,698
1607064918179577857,"Happy launchiversary, @NASAWebb!

Our next-generation telescope blasted off on its mission to #UnfoldTheUniverse on‚Ä¶ https://t.co/pCCjCc7a8e",2022-12-25 17:25:08+00:00,Sprinklr,20444,1955
1607032800175087617,"Wondering what astronauts do for the holidays?

The Expedition 68 crew shares their plans aboard the @Space_Station‚Ä¶ https://t.co/XtmWVpEP3U",2022-12-25 15:17:31+00:00,Sprinklr,14832,1532
1606848789842923521,"RT @NASAhistory: ""We came all this way to explore the Moon, and the most important thing is that we discovered the Earth"" ‚ÄìBill Anders, Apo‚Ä¶",2022-12-25 03:06:19+00:00,Twitter for iPhone,0,1211
1606690807288717312,"@StevenAgullo Great question, Steven! The slight wobble is because the camera was in a fixed position on the spacec‚Ä¶ https://t.co/5w9Po57jda",2022-12-24 16:38:33+00:00,Twitter Web App,325,10
1606686673915584512,"On Nov. 28, our Orion spacecraft captured the Earth rising behind the Moon.

The #Artemis I flight test happened ar‚Ä¶ https://t.co/QKNzP7Tedw",2022-12-24 16:22:08+00:00,Sprinklr,29312,3913
1606341675122573312,"Let it snow, let it snow, let it snow. ‚ùÑÔ∏è
 
Long before this week's snowy storms, @NASA_Astronauts have been captur‚Ä¶ https://t.co/VlBJw9yxd8",2022-12-23 17:31:14+00:00,Sprinklr,22860,2353
1606336652871438337,"@astronaut_kamzy You got it! We plan to resume This Week @ NASA episodes in January, with the first episode targeted for Friday, Jan. 6.",2022-12-23 17:11:16+00:00,Twitter Web App,14,4
1606330666370469890,@eloho_kennedy Our #DARTMission was the first to test asteroid defense technology when we crashed it into tiny aste‚Ä¶ https://t.co/4BnELLQplJ,2022-12-23 16:47:29+00:00,Twitter Web App,83,13
1606323406965817344,"We‚Äôve had a busy year. üìÜ

From taking the first steps to return humanity to the Moon, to unfolding the universe wit‚Ä¶ https://t.co/mn275pBV6h",2022-12-23 16:18:38+00:00,Sprinklr,7875,1116
1606315625164464129,"@TheKateMulgrew Thanks, admiral. Ready to beam aboard when you give the word. ‚òïÔ∏è",2022-12-23 15:47:43+00:00,Twitter Web App,364,12
1606059758619971627,"Currently, old satellites either burn up safely in the atmosphere or remain in space. But we're working on new tech‚Ä¶ https://t.co/E69upKvi39",2022-12-22 22:51:00+00:00,Twitter Media Studio,3645,403
1606051705241600000,@missyandmicky It's a stunner. Thanks for following along!,2022-12-22 22:19:00+00:00,Twitter Web App,15,3
1606037659717083158,"From launch to splashdown, see image highlights from our #Artemis I flight test around the Moon.

The @NASAArtemis‚Ä¶ https://t.co/Q5btfE3dy6",2022-12-22 21:23:11+00:00,Sprinklr,7027,606
1606029815877869574,"Upgrades people, upgrades! ‚ö°

In a spacewalk lasting 7 hours and 8 minutes, @NASA_Astronauts Josh Cassada and Frank‚Ä¶ https://t.co/Y19h7T6eeN",2022-12-22 20:52:01+00:00,Sprinklr,15535,1111
1606002478914293760,"A new solar array, just installed by astronauts Josh Cassada and Frank Rubio, is now being unrolled outside the‚Ä¶ https://t.co/OQN1jsdUsC",2022-12-22 19:03:23+00:00,Twitter Media Studio - LiveCut,3882,474
1605993088597508118,"@UUC_RN Thanks for your question! Those little dots you see in some views are dead pixels from the camera, likely a‚Ä¶ https://t.co/kb2NB8Pdku",2022-12-22 18:26:04+00:00,Twitter Web App,9,2
1605980177426616321,"@ibmgalaxy Spacewalks are usually scheduled to last from 6 to 7 hours, to get work done while they have enough powe‚Ä¶ https://t.co/9x2JJ9oIsg",2022-12-22 17:34:46+00:00,Twitter Web App,14,2
1605961732014440450,LIVE: Listen as we discuss the ongoing investigation of an external leak that occurred on Dec. 14 from the Soyuz sp‚Ä¶ https://t.co/iuUM5hGkXR,2022-12-22 16:21:28+00:00,Sprinklr,1272,137
1605961517920358401,Update: today's media event about the ongoing investigation of an external leak from the Soyuz spacecraft will star‚Ä¶ https://t.co/E3n1w11Sco,2022-12-22 16:20:37+00:00,Twitter Web App,1936,161
1605941441175363585,@bolun46029245 This is happening right now! https://t.co/mfiJ3UGPYk,2022-12-22 15:00:51+00:00,Twitter Web App,24,8
1605931178329899008,"@Layzievibez It's a full body workout. Astronauts can burn up to 3,000 calories during a spacewalk!",2022-12-22 14:20:04+00:00,Twitter Web App,53,3
1605928077191614465,@dadtoalex Not really. The spacesuits have multiple thick layers that protect astronauts from the extreme temperatu‚Ä¶ https://t.co/MtByDULPJS,2022-12-22 14:07:44+00:00,Twitter Web App,53,3
1605925084698357760,Spacewalk happening now. Watch astronauts Frank Rubio (suit with red stripes) and Josh Cassada (unmarked suit) inst‚Ä¶ https://t.co/n0na5oUACB,2022-12-22 13:55:51+00:00,Twitter Media Studio - LiveCut,5955,665
1605896021866729472,LIVE: @NASA_Astronauts Josh Cassada and Frank Rubio prepare for a spacewalk to install a new roll-out solar array o‚Ä¶ https://t.co/riyylcckQY,2022-12-22 12:00:22+00:00,Twitter Media Studio,6520,961
1605685682609000448,We will host a media teleconference at 11am ET (1600 UTC) on Dec. 22 to discuss the ongoing investigation of an ext‚Ä¶ https://t.co/JSTjVONMlP,2022-12-21 22:04:33+00:00,Sprinklr,7107,594
1605669905247920149,"It‚Äôs going to be a long night. 

In the Northern Hemisphere, that is. Tonight is the #WinterSolstice, which occurs‚Ä¶ https://t.co/gfxiT3sjfA",2022-12-21 21:01:51+00:00,Sprinklr,19419,2329
1605645326626480133,"@NASAJPL From measuring marsquakes to detecting meteoroid impacts, @NASAInSight gave us a unique perspective of the‚Ä¶ https://t.co/kWnqOgYdai",2022-12-21 19:24:11+00:00,Twitter Web App,452,67
1605606890238402562,@akashactt Yes‚Äîthese images were taken by @NASAInSight earlier this year. InSight captured thousands of photos of t‚Ä¶ https://t.co/qvts0zx3tZ,2022-12-21 16:51:28+00:00,Twitter Web App,205,23
1605601585912074240,"After more than four years, 1,300 marsquakes, and countless scientific discoveries, our @NASAInSight lander has rea‚Ä¶ https://t.co/CkJF05snmc",2022-12-21 16:30:23+00:00,Sprinklr,24098,2900
1605529301524152320,RT @Space_Station: Today‚Äôs spacewalk to install solar arrays has been postponed due to orbital debris tracking near the station. The crew i‚Ä¶,2022-12-21 11:43:09+00:00,Twitter Web App,0,438
1605526106500653056,LIVE: Tune in for an update on today's scheduled spacewalk outside the @Space_Station. https://t.co/QcxhYCFGID,2022-12-21 11:30:27+00:00,Twitter Media Studio,2991,387
1605264889731244033,"RT @NASA_Johnson: Tomorrow, @NASA_Astronauts aboard the @Space_Station will conduct a spacewalk to install a rollout solar array to increas‚Ä¶",2022-12-20 18:12:28+00:00,Twitter Web App,0,236
1604961493052637184,"RT @NASAInSight: My power‚Äôs really low, so this may be the last image I can send. Don‚Äôt worry about me though: my time here has been both p‚Ä¶",2022-12-19 22:06:53+00:00,Twitter Web App,0,79643
1604898821917577223,"Apollo 17, the most recent mission to land on the Moon, splashed down in the Pacific Ocean today (Dec. 19) in 1972.‚Ä¶ https://t.co/4ezcl3XS9t",2022-12-19 17:57:51+00:00,Sprinklr,5464,797
1604626202530119680,"Space news, delivered. üì©

Get weekly updates on Earth, the solar system, and beyond ‚Äî all sent right to your inbox:‚Ä¶ https://t.co/MdNk3U7reU",2022-12-18 23:54:33+00:00,Sprinklr,8391,723
1604187839733833730,"How does NASA celebrate the holidays?

@NASA_Astronauts and our space storytellers share the details in a special e‚Ä¶ https://t.co/LgmivhUQk1",2022-12-17 18:52:40+00:00,Sprinklr,2661,324
1603828277348651009,National Space Council Chair @VP has announced the candidates selected to serve on the council's Users Advisory Gro‚Ä¶ https://t.co/miefkqnopu,2022-12-16 19:03:53+00:00,Sprinklr,1557,214
1603761551705612289,"The newest Earth science satellite lifted off Dec. 16 atop a @SpaceX Falcon 9 rocket.

Led by NASA and @CNES, the‚Ä¶ https://t.co/9Bo4jPHkSA",2022-12-16 14:38:45+00:00,Sprinklr,6508,725
1603735046262759424,RT @nasahqphoto: Liftoff! @SpaceX Falcon 9 rocket launches with the @NASA @CNES SWOT spacecraft onboard. see more üì∏ https://t.co/W5Q1RCjXK0‚Ä¶,2022-12-16 12:53:25+00:00,Twitter Web App,0,212
1603732655417147392,The Surface Water and Ocean Topography (SWOT) satellite has separated from its @SpaceX Falcon 9 rocket. SWOT begins‚Ä¶ https://t.co/SDvFbLgxyq,2022-12-16 12:43:55+00:00,Twitter Media Studio - LiveCut,5729,800
1603721609751269377,"@chen_nana629 Tracking the world‚Äôs water will help us address important climate change questions, see new ocean fea‚Ä¶ https://t.co/NYT5D7fxad",2022-12-16 12:00:02+00:00,Sprinklr,9,2
